id,action_id,role_id,created_at,updated_at
46,3,1,"2015-04-21 20:31:02","2015-04-21 20:31:02"
47,4,1,"2015-04-21 20:31:02","2015-04-21 20:31:02"
48,7,1,"2015-04-21 20:31:02","2015-04-21 20:31:02"
49,8,1,"2015-04-21 20:31:02","2015-04-21 20:31:02"
50,9,1,"2015-04-21 20:31:02","2015-04-21 20:31:02"
51,10,1,"2015-04-21 20:31:02","2015-04-21 20:31:02"
52,11,1,"2015-04-21 20:31:02","2015-04-21 20:31:02"
53,12,1,"2015-04-21 20:31:02","2015-04-21 20:31:02"
54,13,1,"2015-04-21 20:31:02","2015-04-21 20:31:02"
55,14,1,"2015-04-21 20:31:02","2015-04-21 20:31:02"
56,15,1,"2015-04-21 20:31:02","2015-04-21 20:31:02"
57,16,1,"2015-04-21 20:31:02","2015-04-21 20:31:02"
58,17,1,"2015-04-21 20:31:02","2015-04-21 20:31:02"
59,18,1,"2015-04-21 20:31:02","2015-04-21 20:31:02"
60,19,1,"2015-04-21 20:31:02","2015-04-21 20:31:02"
61,20,1,"2015-04-21 20:31:02","2015-04-21 20:31:02"
62,21,1,"2015-04-21 20:31:02","2015-04-21 20:31:02"
63,22,1,"2015-04-21 20:31:02","2015-04-21 20:31:02"
64,23,1,"2015-04-21 20:31:02","2015-04-21 20:31:02"
65,24,1,"2015-04-21 20:31:02","2015-04-21 20:31:02"
66,25,1,"2015-04-21 20:31:02","2015-04-21 20:31:02"
67,26,1,"2015-04-21 20:31:02","2015-04-21 20:31:02"
68,27,1,"2015-04-21 20:31:02","2015-04-21 20:31:02"
69,28,1,"2015-04-21 20:31:02","2015-04-21 20:31:02"
70,29,1,"2015-04-21 20:31:02","2015-04-21 20:31:02"
71,30,1,"2015-04-21 20:31:02","2015-04-21 20:31:02"
72,31,1,"2015-04-21 20:31:02","2015-04-21 20:31:02"
73,32,1,"2015-04-21 20:31:02","2015-04-21 20:31:02"
74,33,1,"2015-04-21 20:31:02","2015-04-21 20:31:02"
75,35,1,"2015-04-21 20:31:02","2015-04-21 20:31:02"
76,36,1,"2015-04-21 20:31:02","2015-04-21 20:31:02"
77,37,1,"2015-04-21 20:31:02","2015-04-21 20:31:02"
78,38,1,"2015-04-21 20:31:02","2015-04-21 20:31:02"
79,39,1,"2015-04-21 20:31:02","2015-04-21 20:31:02"
80,40,1,"2015-04-21 20:31:02","2015-04-21 20:31:02"
81,41,1,"2015-04-21 20:31:02","2015-04-21 20:31:02"
82,42,1,"2015-04-21 20:31:02","2015-04-21 20:31:02"
83,43,1,"2015-04-21 20:31:02","2015-04-21 20:31:02"
84,44,1,"2015-04-21 20:31:02","2015-04-21 20:31:02"
85,34,1,"2015-04-21 20:31:02","2015-04-21 20:31:02"
86,1,1,"2015-04-21 20:31:02","2015-04-21 20:31:02"
87,6,1,"2015-04-21 20:31:02","2015-04-21 20:31:02"
88,2,1,"2015-04-21 20:31:02","2015-04-21 20:31:02"
89,5,1,"2015-04-21 20:31:02","2015-04-21 20:31:02"
90,45,1,"2015-04-21 20:31:02","2015-04-21 20:31:02"
91,46,1,"2015-04-21 20:31:02","2015-04-21 20:31:02"
