id,code,description,created_at,updated_at
3,users_destroy,"Delete users","2015-03-23 00:00:00","2015-03-23 00:00:00"
7,roles_create,"Add role","2015-03-23 00:00:00","2015-03-23 00:00:00"
9,roles_edit,"Edit role","2015-03-23 00:00:00","2015-03-23 00:00:00"
10,roles_destroy,"Delete role","2015-03-23 00:00:00","2015-03-23 00:00:00"
11,roles_update,"Update role","2015-03-23 00:00:00","2015-03-23 00:00:00"
12,roles_index,"List roles","2015-03-23 00:00:00","2015-03-23 00:00:00"
15,shops_create,"Add shop","2015-03-23 00:00:00","2015-03-23 00:00:00"
16,shops_edit,"Edit shop","2015-03-23 00:00:00","2015-03-23 00:00:00"
17,shops_destroy,"Delete shop","2015-03-23 00:00:00","2015-03-23 00:00:00"
18,shops_update,"Update shop","2015-03-23 00:00:00","2015-03-23 00:00:00"
20,shops_index,"List shops","2015-03-23 00:00:00","2015-03-23 00:00:00"
21,descriptors_create,"Add Descriptor","2015-03-23 00:00:00","2015-03-23 00:00:00"
22,descriptors_edit,"Edit Descriptor","2015-03-23 00:00:00","2015-03-23 00:00:00"
23,descriptors_destroy,"Delete Descriptor","2015-03-23 00:00:00","2015-03-23 00:00:00"
24,descriptors_update,"Update Descriptor","2015-03-23 00:00:00","2015-03-23 00:00:00"
26,descriptors_index,"List Descriptors","2015-03-23 00:00:00","2015-03-23 00:00:00"
27,descriptorsTypes_create,"Add Descriptor type","2015-03-23 00:00:00","2015-03-23 00:00:00"
28,descriptorsTypes_edit,"Edit Descriptor type","2015-03-23 00:00:00","2015-03-23 00:00:00"
29,descriptorsTypes_destroy,"Delete Descriptor type","2015-03-23 00:00:00","2015-03-23 00:00:00"
30,descriptorsTypes_update,"Update Descriptor type","2015-03-23 00:00:00","2015-03-23 00:00:00"
32,descriptorsTypes_index,"List Descriptor types","2015-03-23 00:00:00","2015-03-23 00:00:00"
33,products_create,"Add product","2015-03-23 00:00:00","2015-03-23 00:00:00"
35,products_destroy,"Delete product","2015-03-23 00:00:00","2015-03-23 00:00:00"
36,products_update,"Update product","2015-03-23 00:00:00","2015-03-23 00:00:00"
38,products_index,"List products","2015-03-23 00:00:00","2015-03-23 00:00:00"
39,purchases_create,"Add purchase","2015-03-23 00:00:00","2015-03-23 00:00:00"
40,purchases_edit,"Edit purchase","2015-03-23 00:00:00","2015-03-23 00:00:00"
41,purchases_destroy,"Delete purchase","2015-03-23 00:00:00","2015-03-23 00:00:00"
42,purchases_update,"Update purchase","2015-03-23 00:00:00","2015-03-23 00:00:00"
44,purchases_index,"List purchases","2015-03-23 00:00:00","2015-03-23 00:00:00"
34,products_edit,"Edit product","2015-03-23 00:00:00","2015-04-15 23:43:51"
45,products_types_edit,"Edit products types","2015-04-21 21:35:27","2015-04-21 21:35:27"
46,products_types_update,"Update products types","2015-04-21 21:36:59","2015-04-21 21:36:59"
48,users_update,"Update user","2015-04-21 21:44:56","2015-04-21 21:44:56"
47,users_create,"Create user","2015-04-21 21:44:41","2015-04-21 21:45:12"
49,users_edit,"Edit user","2015-04-21 21:45:37","2015-04-21 21:45:37"
13,roles_permissions_edit,"Edit role permissions","2015-03-23 00:00:00","2015-04-21 21:59:19"
8,roles_store,"Store role","2015-03-23 00:00:00","2015-04-21 21:59:31"
14,roles_permissions_update,"Update role permissions","2015-03-23 00:00:00","2015-04-21 21:59:51"
19,shops_store,"Store shop","2015-03-23 00:00:00","2015-04-21 22:00:03"
25,descriptors_store,"Store Descriptor","2015-03-23 00:00:00","2015-04-21 22:00:21"
31,descriptorsTypes_store,"Store Descriptor type","2015-03-23 00:00:00","2015-04-21 22:00:45"
37,products_store,"Store product","2015-03-23 00:00:00","2015-04-21 22:01:03"
43,purchases_store,"Store purchase","2015-03-23 00:00:00","2015-04-21 22:01:18"
1,home_dashboard,"Show dashboard","2015-03-23 00:00:00","2015-04-21 22:01:32"
6,products_types_index,"List products types","2015-03-23 00:00:00","2015-04-21 22:01:54"
5,products_types_store,"Store product type","2015-03-23 00:00:00","2015-04-21 22:02:13"
2,products_types_create,"Create product type","2015-03-23 00:00:00","2015-04-21 22:02:31"
50,users_index,"List users","2015-04-21 22:03:25","2015-04-21 22:03:25"
51,actions_create,"Create action","2015-04-21 23:02:15","2015-04-21 23:02:15"
52,actions_index,"List actions","2015-04-21 23:02:24","2015-04-21 23:02:24"
53,actions_edit,"Edit action","2015-04-21 23:02:36","2015-04-21 23:02:45"
54,actions_store,"Store action","2015-04-21 23:03:02","2015-04-21 23:03:02"
55,actions_update,"update action","2015-04-21 23:03:12","2015-04-21 23:03:12"
56,actions_destroy,"Destroy action","2015-04-21 23:04:19","2015-04-21 23:04:19"
4,users_store,"Update users","2015-03-23 00:00:00","2015-04-22 21:38:27"
57,home_shopping_list,"Create shopping list","2015-05-06 15:35:12","2015-05-06 15:35:12"
58,products_shopping_list,"List products purchased ajax","2015-05-06 17:15:52","2015-05-06 17:15:52"
59,products_shopping_list_json,"Return shopping list items (json)","2015-05-06 19:49:48","2015-05-06 19:49:48"
60,products_list_json,"Access product list (json)","2015-05-06 19:50:31","2015-05-06 19:50:31"
