id,username,role_id,name,email,password,created_at,updated_at,remember_token
2,eblandon,3,"""Enrique Blandon""",eblandon@mdb.com,$2y$10$SYun7I3JWqXu4OJPehfCQ.Yr0fLj5IlWFbT2GBYJBZjVWpFgRvibi,"2015-04-09 23:45:58","2015-04-22 19:58:01",mbY5IRt30vZU0vuNHJ3NXbo8JROlB8lCkMHllClcLqo0VYIx1NcAq67pShwb
3,apolinar.picado,3,"""Apolinar Picado""",apicado@mdb.com,$2y$10$TtjxYyT1KM2KPJqg/UrZeudaI8/laXtRyoiuYCloc62zPmWpAbm.q,"2015-04-22 21:39:24","2015-04-22 21:39:24",1
4,imara.romero,3,"""Imara Romero""",imara.romero@facebook.com,$2y$10$vxe8SELSvA79TudgMy5Tpez1PgXzMtD.TGNRKS577bb6LcmCg6WpW,"2015-04-23 14:39:18","2015-04-29 00:45:49",N1MllZEjEijs7u6QpJOU3v6eHRfQgAlpc78qGm8Yx0SiCiLIvuBscFDkigfT
1,admin,1,"""Manuel Castro""",mjcrcastro@hotmail.com,$2y$10$v0DgHz1K/RCiilyRGy7jyuwCEJzJjb1v7RENixX/V8smJd6GW1ucS,"2015-03-23 00:00:00","2015-05-06 20:55:44",KFjleSCZx2vzonT0NxuEw37nprMJm22MVRc2J8U4UoU4mdJA8fuNEIH3GTe3
